UserID,emailID
9173446227,judus@ik.cf
5116580611,marfoje@bitiwjo.km
5920436447,baplafoj@tek.cc
5512722058,meve@zis.au
4500450312,vankikpu@ij.wf
8547955434,na@dukuaz.mx
5548736394,biz@newuz.bq
8813960308,ip@jehet.ke
5781169345,fu@bilveeve.ck
181741169,jogico@edjowki.hu
3870886812,juzes@kobcapid.us
4794758513,sibcizgi@dinobta.gg
5659762174,ocuahuve@co.bv
4976210660,izgazuf@wuzod.ky
6082806146,zobehim@orgus.bz
732454450,kuddom@evcejki.sr
6146048772,ano@civuv.kw
6399221723,rev@hihov.ag
1577203302,ja@ufikohpol.au
3034889019,fejogo@pabboposu.ht
7375184467,mubuno@gibuhze.ps
1992527722,ijerav@cid.kp
6291147528,enure@sit.re
942690185,pecnoju@zuazazed.bj
2240332213,tewabwud@ilumosonu.gf
3979544771,pufna@tecubko.mh
8859093528,etjo@de.sk
4960107903,cov@locwatvuv.sd
4240292509,cocdi@athuore.sv
4785610279,epegah@fowilatil.qa
9045190821,ocaodiedo@ez.hr
8670389302,zikges@ibiwav.et
5619632237,adcaga@sego.mt
7127418195,duhhi@cu.ni
2752776262,afu@hafag.ps
9797693105,obiidu@lu.am
9645353928,arapo@lonraz.gm
6217500221,jumvogaj@avcowe.pf
265753091,zilgu@nuidu.au
2381312842,jefipuv@hinbocul.vc
3914788492,bu@nit.uk
508669988,ozebe@wovosuuhe.bg
380455915,volze@awaj.pl
6030161704,razuk@zawu.edu
1472271143,eg@wigor.co.uk
2732006227,ha@vibo.om
8196039372,agiijo@gu.net
418960654,aw@ran.hn
5844959501,nuged@paccil.st
4046238942,zohhedgul@mibi.in
9013409191,kemopob@al.nl
9735968320,vidge@zavi.er
3400374990,ohaodenu@ciaw.dz
5688421824,kirhapbuk@dac.tc
9857672842,cene@niiro.gn
2225651720,je@cu.ki
6312585963,zemogvun@ocuzadul.tt
7043716016,tad@cajbutva.vn
125976524,wij@cejwu.gh
5685231787,orvu@taja.pm
4887592095,vifsop@buhobe.tk
7435821798,vuem@fehowawo.ke
1891591243,vateznez@zurke.bz
1703276818,oho@ocodinovi.nu
4145460340,nitduveta@ler.gu
761287575,zuge@jatri.tm
5761284585,to@wojo.gp
927056629,kefnaduz@puw.cv
9540762101,wecat@dewa.pn
7589302631,mubka@uzgowwu.kg
931137187,ni@uvomu.lb
2321731008,laerovek@ce.cl
8021400953,ceralod@joj.li
4877615605,isukur@giudube.cc
1073830008,mufuga@te.cz
3011683566,bari@ohzigwu.sv
7159536183,widbodoh@wusah.dj
7274690741,umevum@ha.vi
8448864620,onu@hoz.ac
598861885,imuguzis@lilrug.ps
4615373224,husac@perpagon.la
3422648250,hacuf@gopid.bh
3847350634,pokaoco@vov.gov
4720339653,sauc@vefve.dm
2785964945,otpiogi@oz.com
5546506314,zuwo@ujicakti.be
3004483573,isujokif@cebivko.io
9773697959,voer@duhuer.ps
795016433,iwupipzus@zudlogbe.sl
8968929316,iz@ezce.pk
5564500046,wokiv@dof.mq
4257875325,per@rug.nr
6704631452,sohofi@ta.br
5399772022,avebuf@horosni.mh
9964864075,se@kan.im
4189092426,coratjoj@uturabe.mz
2994220358,secovpok@uhu.ao
435689250,nil@ate.fk
3554287057,wamih@gep.pg
9819677756,dohof@ogaemoju.gu
