UserID,EmailID,Referral_Count
5f87f787fc13ae378e00047e,acantle0@ovh.net,1
5f87f787fc13ae378e00047f,zdebiasio1@cdc.gov,2
5f87f787fc13ae378e000480,phedlestone2@gov.uk,0
5f87f787fc13ae378e000481,mmalia3@npr.org,2
5f87f787fc13ae378e000482,thartus4@csmonitor.com,2
5f87f787fc13ae378e000483,rlebreton5@rambler.ru,1
5f87f787fc13ae378e000484,tknoles6@youtube.com,2
5f87f787fc13ae378e000485,pnenci7@flavors.me,0
5f87f787fc13ae378e000486,edemiranda8@pagesperso-orange.fr,1
5f87f787fc13ae378e000487,swookey9@netscape.com,0
5f87f787fc13ae378e000488,bpecketta@cbslocal.com,0
5f87f787fc13ae378e000489,mfarishb@unicef.org,2
5f87f787fc13ae378e00048a,ymuldowniec@nbcnews.com,0
5f87f787fc13ae378e00048b,mlyndd@economist.com,2
5f87f787fc13ae378e00048c,sderobertoe@ovh.net,2
5f87f787fc13ae378e00048d,mmcparlandf@blogtalkradio.com,0
5f87f787fc13ae378e00048e,sswatteng@wordpress.com,1
5f87f787fc13ae378e00048f,dbernardinoh@google.de,0
5f87f787fc13ae378e000490,jkrahli@linkedin.com,1
5f87f787fc13ae378e000491,emorej@baidu.com,2
5f87f787fc13ae378e000492,gfuentek@ucsd.edu,2
5f87f787fc13ae378e000493,myewenl@imgur.com,2
5f87f787fc13ae378e000494,mmaccreem@smh.com.au,2
5f87f787fc13ae378e000495,dcudiffn@myspace.com,2
5f87f787fc13ae378e000496,bgaishsono@nhs.uk,1
5f87f787fc13ae378e000497,jtilbeyp@whitehouse.gov,2
5f87f787fc13ae378e000498,tfaltskogq@barnesandnoble.com,1
5f87f787fc13ae378e000499,lmidfordr@wikispaces.com,1
5f87f787fc13ae378e00049a,roluwatoyins@webmd.com,0
5f87f787fc13ae378e00049b,gbalaamt@ovh.net,0
5f87f787fc13ae378e00049c,kcarmenu@sakura.ne.jp,0
5f87f787fc13ae378e00049d,rdandisonv@google.nl,1
5f87f787fc13ae378e00049e,cwillsmorew@skype.com,1
5f87f787fc13ae378e00049f,hallonbyx@w3.org,2
5f87f787fc13ae378e0004a0,mbenedity@vinaora.com,1
5f87f787fc13ae378e0004a1,rgysez@sun.com,2
5f87f787fc13ae378e0004a2,mnusche10@nifty.com,1
5f87f787fc13ae378e0004a3,jbrewis11@google.ru,0
5f87f787fc13ae378e0004a4,kbraunle12@quantcast.com,2
5f87f787fc13ae378e0004a5,escranny13@miitbeian.gov.cn,1
5f87f787fc13ae378e0004a6,amasey14@wsj.com,0
5f87f787fc13ae378e0004a7,afigliovanni15@tripadvisor.com,0
5f87f787fc13ae378e0004a8,nfudge16@wikimedia.org,2
5f87f787fc13ae378e0004a9,zferryman17@youtube.com,1
5f87f787fc13ae378e0004aa,hcordet18@posterous.com,1
5f87f787fc13ae378e0004ab,farmatidge19@smugmug.com,0
5f87f787fc13ae378e0004ac,bdartnell1a@usnews.com,2
5f87f787fc13ae378e0004ad,bzuanelli1b@merriam-webster.com,0
5f87f787fc13ae378e0004ae,mrollo1c@time.com,1
5f87f787fc13ae378e0004af,ssidnell1d@loc.gov,1
5f87f787fc13ae378e0004b0,lgodding1e@example.com,2
5f87f787fc13ae378e0004b1,astagge1f@gizmodo.com,1
5f87f787fc13ae378e0004b2,wdurn1g@columbia.edu,0
5f87f787fc13ae378e0004b3,bscurman1h@miibeian.gov.cn,1
5f87f787fc13ae378e0004b4,achirm1i@lycos.com,0
5f87f787fc13ae378e0004b5,mchapellow1j@tamu.edu,2
5f87f787fc13ae378e0004b6,ewaterman1k@ebay.co.uk,1
5f87f787fc13ae378e0004b7,vescofier1l@google.es,2
5f87f787fc13ae378e0004b8,nmoulden1m@admin.ch,1
5f87f787fc13ae378e0004b9,nfernando1n@china.com.cn,2
5f87f787fc13ae378e0004ba,eflay1o@oakley.com,1
5f87f787fc13ae378e0004bb,twatkinson1p@hexun.com,1
5f87f787fc13ae378e0004bc,msaffe1q@dion.ne.jp,0
5f87f787fc13ae378e0004bd,kaxton1r@histats.com,2
5f87f787fc13ae378e0004be,wregglar1s@over-blog.com,1
5f87f787fc13ae378e0004bf,mdegliantoni1t@census.gov,1
5f87f787fc13ae378e0004c0,cerrett1u@vkontakte.ru,1
5f87f787fc13ae378e0004c1,atodor1v@economist.com,2
5f87f787fc13ae378e0004c2,jwaszkiewicz1w@bandcamp.com,2
5f87f787fc13ae378e0004c3,hjosef1x@reddit.com,1
5f87f787fc13ae378e0004c4,rupham1y@wikimedia.org,0
5f87f787fc13ae378e0004c5,cerrichi1z@constantcontact.com,1
5f87f787fc13ae378e0004c6,rcotsford20@berkeley.edu,1
5f87f787fc13ae378e0004c7,cstuddert21@mlb.com,1
5f87f787fc13ae378e0004c8,mstuttard22@simplemachines.org,0
5f87f787fc13ae378e0004c9,edinwoodie23@amazonaws.com,0
5f87f787fc13ae378e0004ca,tohanvey24@hud.gov,0
5f87f787fc13ae378e0004cb,renderson25@vkontakte.ru,2
5f87f787fc13ae378e0004cc,kperigeaux26@bbc.co.uk,1
5f87f787fc13ae378e0004cd,avideneev27@baidu.com,2
5f87f787fc13ae378e0004ce,lsinnat28@ebay.com,1
5f87f787fc13ae378e0004cf,akearney29@gov.uk,2
5f87f787fc13ae378e0004d0,ppotier2a@nps.gov,1
5f87f787fc13ae378e0004d1,bcrayk2b@sphinn.com,1
5f87f787fc13ae378e0004d2,dnorris2c@cnbc.com,1
5f87f787fc13ae378e0004d3,mbraham2d@wunderground.com,2
5f87f787fc13ae378e0004d4,msobey2e@cmu.edu,2
5f87f787fc13ae378e0004d5,elancetter2f@ted.com,0
5f87f787fc13ae378e0004d6,smordanti2g@weebly.com,1
5f87f787fc13ae378e0004d7,rhebbard2h@slate.com,2
5f87f787fc13ae378e0004d8,iropert2i@cornell.edu,0
5f87f787fc13ae378e0004d9,kmote2j@github.com,2
5f87f787fc13ae378e0004da,ajonas2k@i2i.jp,0
5f87f787fc13ae378e0004db,cjobes2l@zdnet.com,0
5f87f787fc13ae378e0004dc,lteodori2m@wordpress.org,2
5f87f787fc13ae378e0004dd,vjoe2n@imageshack.us,1
5f87f787fc13ae378e0004de,rdimic2o@wufoo.com,1
5f87f787fc13ae378e0004df,ecorse2p@utexas.edu,2
5f87f787fc13ae378e0004e0,mfido2q@google.com.br,2
5f87f787fc13ae378e0004e1,itedstone2r@berkeley.edu,0
5f87f787fc13ae378e0004e2,ggearty2s@github.io,2
5f87f787fc13ae378e0004e3,amcglaughn2t@ucla.edu,2
5f87f787fc13ae378e0004e4,vcoplestone2u@usgs.gov,0
5f87f787fc13ae378e0004e5,kwestcarr2v@soup.io,1
5f87f787fc13ae378e0004e6,scooksey2w@godaddy.com,1
5f87f787fc13ae378e0004e7,eattle2x@chronoengine.com,1
5f87f787fc13ae378e0004e8,wbach2y@businessinsider.com,1
5f87f787fc13ae378e0004e9,ksecrett2z@cornell.edu,0
5f87f787fc13ae378e0004ea,dpoizer30@gnu.org,1
5f87f787fc13ae378e0004eb,jtivolier31@dedecms.com,0
5f87f787fc13ae378e0004ec,cgrayham32@cnbc.com,2
5f87f787fc13ae378e0004ed,rcorradeschi33@friendfeed.com,0
5f87f787fc13ae378e0004ee,kalmack34@privacy.gov.au,2
5f87f787fc13ae378e0004ef,eyezafovich35@arizona.edu,1
5f87f787fc13ae378e0004f0,bsmalcombe36@wikipedia.org,0
5f87f787fc13ae378e0004f1,npetkov37@slideshare.net,1
5f87f787fc13ae378e0004f2,cboydell38@telegraph.co.uk,2
5f87f787fc13ae378e0004f3,rwoodburn39@microsoft.com,0
5f87f787fc13ae378e0004f4,jpeoples3a@a8.net,0
5f87f787fc13ae378e0004f5,mkinnard3b@live.com,0
5f87f787fc13ae378e0004f6,laronovich3c@comsenz.com,1
5f87f787fc13ae378e0004f7,lzecchii3d@icq.com,1
5f87f787fc13ae378e0004f8,rrivalant3e@technorati.com,1
5f87f787fc13ae378e0004f9,moverpool3f@cmu.edu,1
5f87f787fc13ae378e0004fa,awigzell3g@homestead.com,1
5f87f787fc13ae378e0004fb,mspieght3h@blog.com,1
5f87f787fc13ae378e0004fc,sitzkovich3i@youku.com,2
5f87f787fc13ae378e0004fd,zpiggin3j@elegantthemes.com,2
5f87f787fc13ae378e0004fe,iantowski3k@nhs.uk,2
5f87f787fc13ae378e0004ff,wpletts3l@wikipedia.org,2
5f87f787fc13ae378e000500,khutley3m@artisteer.com,1
5f87f787fc13ae378e000501,ahightown3n@psu.edu,0
5f87f787fc13ae378e000502,jprentice3o@mail.ru,0
5f87f787fc13ae378e000503,dwaterworth3p@seesaa.net,0
5f87f787fc13ae378e000504,nkalaher3q@quantcast.com,0
5f87f787fc13ae378e000505,afearick3r@hc360.com,1
5f87f787fc13ae378e000506,cfretwell3s@addthis.com,1
5f87f787fc13ae378e000507,brusling3t@posterous.com,2
5f87f787fc13ae378e000508,oscoggan3u@tripadvisor.com,2
5f87f787fc13ae378e000509,lovendale3v@vistaprint.com,1
5f87f787fc13ae378e00050a,fmilvarnie3w@booking.com,2
5f87f787fc13ae378e00050b,rbaiyle3x@goodreads.com,0
5f87f787fc13ae378e00050c,aflescher3y@slashdot.org,2
5f87f787fc13ae378e00050d,zlangham3z@stumbleupon.com,1
5f87f787fc13ae378e00050e,ssteuart40@omniture.com,2
5f87f787fc13ae378e00050f,fkalinsky41@discuz.net,1
5f87f787fc13ae378e000510,sclunan42@apple.com,2
5f87f787fc13ae378e000511,kkingaby43@pagesperso-orange.fr,0
5f87f787fc13ae378e000512,pbidnall44@ucsd.edu,0
5f87f787fc13ae378e000513,gjeffryes45@yellowpages.com,2
5f87f787fc13ae378e000514,ishermore46@bluehost.com,0
5f87f787fc13ae378e000515,bflockhart47@ycombinator.com,0
5f87f787fc13ae378e000516,jstrut48@networkadvertising.org,0
5f87f787fc13ae378e000517,cdouglas49@angelfire.com,1
5f87f787fc13ae378e000518,dverling4a@4shared.com,2
5f87f787fc13ae378e000519,alowne4b@google.fr,1
5f87f787fc13ae378e00051a,dmacnalley4c@opera.com,2
5f87f787fc13ae378e00051b,ntregent4d@weibo.com,1
5f87f787fc13ae378e00051c,raldwich4e@cloudflare.com,1
5f87f787fc13ae378e00051d,vgerok4f@weather.com,2
5f87f787fc13ae378e00051e,rbrideaux4g@state.tx.us,0
5f87f787fc13ae378e00051f,lsnedker4h@imageshack.us,1
5f87f787fc13ae378e000520,dgoulborn4i@apple.com,1
5f87f787fc13ae378e000521,gpinnick4j@techcrunch.com,0
5f87f787fc13ae378e000522,lnudds4k@is.gd,1
5f87f787fc13ae378e000523,emcbeth4l@webnode.com,0
5f87f787fc13ae378e000524,csorel4m@biblegateway.com,2
5f87f787fc13ae378e000525,mraft4n@a8.net,2
5f87f787fc13ae378e000526,kknotton4o@networkadvertising.org,1
5f87f787fc13ae378e000527,hhallaways4p@twitpic.com,1
5f87f787fc13ae378e000528,tgerrans4q@biblegateway.com,1
5f87f787fc13ae378e000529,cpedden4r@dion.ne.jp,2
5f87f787fc13ae378e00052a,vbatchelar4s@bloglines.com,1
5f87f787fc13ae378e00052b,tweedenburg4t@hostgator.com,2
5f87f787fc13ae378e00052c,mconeley4u@adobe.com,0
5f87f787fc13ae378e00052d,cgostick4v@cocolog-nifty.com,1
5f87f787fc13ae378e00052e,rbalchin4w@plala.or.jp,2
5f87f787fc13ae378e00052f,cmetzing4x@cam.ac.uk,2
5f87f787fc13ae378e000530,tpien4y@altervista.org,1
5f87f787fc13ae378e000531,lmansfield4z@harvard.edu,0
5f87f787fc13ae378e000532,hskitteral50@economist.com,0
5f87f787fc13ae378e000533,dchupin51@quantcast.com,1
5f87f787fc13ae378e000534,lhoffner52@friendfeed.com,1
5f87f787fc13ae378e000535,lregus53@usda.gov,0
5f87f787fc13ae378e000536,abelfitt54@csmonitor.com,2
5f87f787fc13ae378e000537,smourgue55@cisco.com,0
5f87f787fc13ae378e000538,rogger56@ebay.co.uk,1
5f87f787fc13ae378e000539,ilearoyde57@huffingtonpost.com,2
5f87f787fc13ae378e00053a,hswinburn58@t-online.de,2
5f87f787fc13ae378e00053b,gboyson59@washington.edu,0
5f87f787fc13ae378e00053c,tsiddall5a@merriam-webster.com,2
5f87f787fc13ae378e00053d,aheadford5b@springer.com,2
5f87f787fc13ae378e00053e,ddearth5c@jalbum.net,2
5f87f787fc13ae378e00053f,asaer5d@washington.edu,0
5f87f787fc13ae378e000540,spartleton5e@army.mil,2
5f87f787fc13ae378e000541,mpoetz5f@rakuten.co.jp,1
5f87f787fc13ae378e000542,nmunslow5g@yahoo.com,1
5f87f787fc13ae378e000543,lvaughn5h@mail.ru,2
5f87f787fc13ae378e000544,tbushnell5i@mediafire.com,0
5f87f787fc13ae378e000545,tgolden5j@pinterest.com,2
5f87f787fc13ae378e000546,raphale5k@senate.gov,1
5f87f787fc13ae378e000547,awilbud5l@techcrunch.com,1
5f87f787fc13ae378e000548,sjeeves5m@merriam-webster.com,0
5f87f787fc13ae378e000549,gspawell5n@ow.ly,1
5f87f787fc13ae378e00054a,jeskrigge5o@jimdo.com,1
5f87f787fc13ae378e00054b,mjowitt5p@t.co,2
5f87f787fc13ae378e00054c,mmcaster5q@i2i.jp,2
5f87f787fc13ae378e00054d,hclubbe5r@accuweather.com,2
5f87f787fc13ae378e00054e,dmaycey5s@microsoft.com,0
5f87f787fc13ae378e00054f,tclampton5t@twitter.com,0
5f87f787fc13ae378e000550,vocarran5u@economist.com,0
5f87f787fc13ae378e000551,gcouves5v@bloglines.com,1
5f87f787fc13ae378e000552,paizikov5w@devhub.com,0
5f87f787fc13ae378e000553,brishworth5x@howstuffworks.com,2
5f87f787fc13ae378e000554,jmaffi5y@surveymonkey.com,2
5f87f787fc13ae378e000555,jdaintrey5z@xing.com,0
5f87f787fc13ae378e000556,hchristin60@behance.net,0
5f87f787fc13ae378e000557,ecorner61@unc.edu,0
5f87f787fc13ae378e000558,rambroix62@vinaora.com,0
5f87f787fc13ae378e000559,rhallworth63@mit.edu,0
5f87f787fc13ae378e00055a,emckechnie64@naver.com,2
5f87f787fc13ae378e00055b,dduffy65@google.co.jp,0
5f87f787fc13ae378e00055c,craden66@desdev.cn,2
5f87f787fc13ae378e00055d,tjosebury67@bloglovin.com,1
5f87f787fc13ae378e00055e,etinson68@seesaa.net,1
5f87f787fc13ae378e00055f,cbattisson69@illinois.edu,0
5f87f787fc13ae378e000560,swesker6a@barnesandnoble.com,0
5f87f787fc13ae378e000561,bconneely6b@shinystat.com,2
5f87f787fc13ae378e000562,lswanger6c@quantcast.com,2
5f87f787fc13ae378e000563,flonghorn6d@about.me,2
5f87f787fc13ae378e000564,psiemandl6e@nbcnews.com,2
5f87f787fc13ae378e000565,sstoeckle6f@scientificamerican.com,0
5f87f787fc13ae378e000566,acrumbie6g@psu.edu,2
5f87f787fc13ae378e000567,sduffit6h@upenn.edu,2
5f87f787fc13ae378e000568,bpiris6i@chronoengine.com,0
5f87f787fc13ae378e000569,lmartinet6j@dropbox.com,0
5f87f787fc13ae378e00056a,lfollos6k@amazonaws.com,2
5f87f787fc13ae378e00056b,fmacneilage6l@163.com,1
5f87f787fc13ae378e00056c,ralkins6m@google.com.au,1
5f87f787fc13ae378e00056d,balgar6n@thetimes.co.uk,1
5f87f787fc13ae378e00056e,spouck6o@sakura.ne.jp,0
5f87f787fc13ae378e00056f,aebbitt6p@tinyurl.com,2
5f87f787fc13ae378e000570,jhellmore6q@blogs.com,0
5f87f787fc13ae378e000571,vocrevy6r@wufoo.com,0
5f87f787fc13ae378e000572,smacgeaney6s@bing.com,0
5f87f787fc13ae378e000573,hannakin6t@hud.gov,1
5f87f787fc13ae378e000574,fedmondson6u@twitter.com,1
5f87f787fc13ae378e000575,sharlin6v@squarespace.com,2
5f87f787fc13ae378e000576,rcairney6w@sakura.ne.jp,2
5f87f787fc13ae378e000577,fbutt6x@economist.com,2
5f87f787fc13ae378e000578,rchristin6y@washington.edu,1
5f87f787fc13ae378e000579,jbirnie6z@sbwire.com,1
5f87f787fc13ae378e00057a,kottery70@deviantart.com,1
5f87f787fc13ae378e00057b,shordell71@webs.com,2
5f87f787fc13ae378e00057c,abayldon72@baidu.com,1
5f87f787fc13ae378e00057d,lwanjek73@infoseek.co.jp,1
5f87f787fc13ae378e00057e,klorentzen74@hatena.ne.jp,0
5f87f787fc13ae378e00057f,rhessing75@census.gov,0
5f87f787fc13ae378e000580,jerdis76@topsy.com,0
5f87f787fc13ae378e000581,emewett77@yellowpages.com,2
5f87f787fc13ae378e000582,npersian78@time.com,2
5f87f787fc13ae378e000583,amelling79@microsoft.com,0
5f87f787fc13ae378e000584,gpasek7a@quantcast.com,0
5f87f787fc13ae378e000585,ktriggle7b@fc2.com,2
5f87f787fc13ae378e000586,rseers7c@feedburner.com,0
5f87f787fc13ae378e000587,cconant7d@ibm.com,2
5f87f787fc13ae378e000588,avenour7e@engadget.com,1
5f87f787fc13ae378e000589,efishbourn7f@mozilla.com,1
5f87f787fc13ae378e00058a,chucke7g@ask.com,1
5f87f787fc13ae378e00058b,dviveash7h@about.com,1
5f87f787fc13ae378e00058c,cwoodnutt7i@usa.gov,1
5f87f787fc13ae378e00058d,cstuther7j@pen.io,2
5f87f787fc13ae378e00058e,lwatkiss7k@umich.edu,1
5f87f787fc13ae378e00058f,meverly7l@gravatar.com,2
5f87f787fc13ae378e000590,akillick7m@moonfruit.com,1
5f87f787fc13ae378e000591,jmckitterick7n@tripadvisor.com,1
5f87f787fc13ae378e000592,hgresty7o@eepurl.com,1
5f87f787fc13ae378e000593,rrawkesby7p@state.gov,0
5f87f787fc13ae378e000594,lsizey7q@shinystat.com,1
5f87f787fc13ae378e000595,hbagger7r@weibo.com,0
5f87f787fc13ae378e000596,jgoundry7s@cpanel.net,0
5f87f787fc13ae378e000597,hhaslock7t@ihg.com,1
5f87f787fc13ae378e000598,jrichardsson7u@arizona.edu,0
5f87f787fc13ae378e000599,scawt7v@furl.net,1
5f87f787fc13ae378e00059a,jcarroll7w@thetimes.co.uk,2
5f87f787fc13ae378e00059b,bblancowe7x@nationalgeographic.com,0
5f87f787fc13ae378e00059c,mwickrath7y@xinhuanet.com,1
5f87f787fc13ae378e00059d,ccasarini7z@themeforest.net,1
5f87f787fc13ae378e00059e,idall80@geocities.com,1
5f87f787fc13ae378e00059f,kfley81@google.ca,1
5f87f787fc13ae378e0005a0,lvaladez82@gov.uk,1
5f87f787fc13ae378e0005a1,mphillp83@360.cn,0
5f87f787fc13ae378e0005a2,tmulhall84@google.com.au,0
5f87f787fc13ae378e0005a3,hstoffersen85@quantcast.com,1
5f87f787fc13ae378e0005a4,yricardo86@aboutads.info,0
5f87f787fc13ae378e0005a5,pbothie87@skype.com,0
5f87f787fc13ae378e0005a6,feck88@pbs.org,1
5f87f787fc13ae378e0005a7,fforestel89@google.nl,2
5f87f787fc13ae378e0005a8,mindruch8a@tripod.com,0
5f87f787fc13ae378e0005a9,wjewer8b@instagram.com,0
5f87f787fc13ae378e0005aa,qsidlow8c@mozilla.org,2
5f87f787fc13ae378e0005ab,ctinn8d@sfgate.com,2
5f87f787fc13ae378e0005ac,sdwyer8e@tamu.edu,0
5f87f787fc13ae378e0005ad,glindegard8f@dailymotion.com,2
5f87f787fc13ae378e0005ae,ctewkesberrie8g@noaa.gov,2
5f87f787fc13ae378e0005af,pgrass8h@blog.com,1
5f87f787fc13ae378e0005b0,hmcgeaney8i@last.fm,2
5f87f787fc13ae378e0005b1,glukovic8j@woothemes.com,2
5f87f787fc13ae378e0005b2,ipethybridge8k@bluehost.com,1
5f87f787fc13ae378e0005b3,leasdon8l@yahoo.com,0
5f87f787fc13ae378e0005b4,llindley8m@joomla.org,1
5f87f787fc13ae378e0005b5,btow8n@arizona.edu,2
5f87f787fc13ae378e0005b6,jcausby8o@rambler.ru,0
5f87f787fc13ae378e0005b7,gskillern8p@alibaba.com,0
5f87f787fc13ae378e0005b8,ebumphrey8q@symantec.com,1
5f87f787fc13ae378e0005b9,nstert8r@hud.gov,1
5f87f787fc13ae378e0005ba,filtchev8s@hugedomains.com,2
5f87f787fc13ae378e0005bb,sbosson8t@nhs.uk,1
5f87f787fc13ae378e0005bc,mdooland8u@netvibes.com,1
5f87f787fc13ae378e0005bd,aputterill8v@edublogs.org,1
5f87f787fc13ae378e0005be,mscoble8w@last.fm,1
5f87f787fc13ae378e0005bf,blotte8x@seesaa.net,1
5f87f787fc13ae378e0005c0,hstennes8y@thetimes.co.uk,0
5f87f787fc13ae378e0005c1,emarquis8z@is.gd,1
5f87f787fc13ae378e0005c2,vjansie90@seesaa.net,1
5f87f787fc13ae378e0005c3,zcarnalan91@twitter.com,1
5f87f787fc13ae378e0005c4,aizkovicz92@icq.com,0
5f87f787fc13ae378e0005c5,bitshak93@state.tx.us,2
5f87f787fc13ae378e0005c6,lhatherall94@youtu.be,0
5f87f787fc13ae378e0005c7,awhibley95@mail.ru,1
5f87f787fc13ae378e0005c8,ghambatch96@amazon.com,2
5f87f787fc13ae378e0005c9,lfoss97@amazon.com,0
5f87f787fc13ae378e0005ca,dhobbema98@flickr.com,1
5f87f787fc13ae378e0005cb,aslessar99@w3.org,1
5f87f787fc13ae378e0005cc,qivanitsa9a@mediafire.com,0
5f87f787fc13ae378e0005cd,jknappett9b@fema.gov,1
5f87f787fc13ae378e0005ce,wruperti9c@dell.com,1
5f87f787fc13ae378e0005cf,datyea9d@newyorker.com,2
5f87f787fc13ae378e0005d0,fapps9e@gnu.org,0
5f87f787fc13ae378e0005d1,vbartolacci9f@japanpost.jp,0
5f87f787fc13ae378e0005d2,aanyene9g@wired.com,2
5f87f787fc13ae378e0005d3,nmelesk9h@sun.com,2
5f87f787fc13ae378e0005d4,ospurgin9i@upenn.edu,2
5f87f787fc13ae378e0005d5,lbramwich9j@reference.com,2
5f87f787fc13ae378e0005d6,jmagrane9k@skyrock.com,2
5f87f787fc13ae378e0005d7,hturbill9l@devhub.com,2
5f87f787fc13ae378e0005d8,bbilton9m@nature.com,0
5f87f787fc13ae378e0005d9,jworling9n@icq.com,0
5f87f787fc13ae378e0005da,pbooler9o@redcross.org,2
5f87f787fc13ae378e0005db,acanedo9p@wp.com,2
5f87f787fc13ae378e0005dc,mfollit9q@ifeng.com,0
5f87f787fc13ae378e0005dd,lcurnucke9r@seattletimes.com,1
5f87f787fc13ae378e0005de,kkorneluk9s@msu.edu,1
5f87f787fc13ae378e0005df,aharland9t@ameblo.jp,0
5f87f787fc13ae378e0005e0,snicely9u@mayoclinic.com,2
5f87f787fc13ae378e0005e1,egreed9v@usa.gov,0
5f87f787fc13ae378e0005e2,cfarahar9w@nps.gov,0
5f87f787fc13ae378e0005e3,klees9x@europa.eu,2
5f87f787fc13ae378e0005e4,dlidierth9y@comsenz.com,0
5f87f787fc13ae378e0005e5,nmaestro9z@uiuc.edu,0
5f87f787fc13ae378e0005e6,dnewcoma0@scientificamerican.com,2
5f87f787fc13ae378e0005e7,btyronea1@godaddy.com,1
5f87f787fc13ae378e0005e8,dguerria2@cbc.ca,2
5f87f787fc13ae378e0005e9,edougala3@jimdo.com,2
5f87f787fc13ae378e0005ea,rtaita4@free.fr,0
5f87f787fc13ae378e0005eb,cspreaga5@biblegateway.com,1
5f87f787fc13ae378e0005ec,edarreea6@cisco.com,0
5f87f787fc13ae378e0005ed,fdemetza7@blogspot.com,1
5f87f787fc13ae378e0005ee,bpettegrea8@mysql.com,0
5f87f787fc13ae378e0005ef,crushsortha9@quantcast.com,1
5f87f787fc13ae378e0005f0,dhorleyaa@senate.gov,2
5f87f787fc13ae378e0005f1,lrakesab@1und1.de,1
5f87f787fc13ae378e0005f2,ajelkac@taobao.com,0
5f87f787fc13ae378e0005f3,fduffanad@cornell.edu,1
5f87f787fc13ae378e0005f4,bhalpinae@taobao.com,0
5f87f787fc13ae378e0005f5,jweddeburnscrimgeouraf@berkeley.edu,2
5f87f787fc13ae378e0005f6,hmeelandag@wired.com,2
5f87f787fc13ae378e0005f7,ahorstedah@google.de,1
5f87f787fc13ae378e0005f8,hpaddefieldai@xrea.com,1
5f87f787fc13ae378e0005f9,kgangeaj@cam.ac.uk,2
5f87f787fc13ae378e0005fa,gestcotak@sphinn.com,0
5f87f787fc13ae378e0005fb,ddoulal@cyberchimps.com,2
5f87f787fc13ae378e0005fc,gvautreyam@amazon.com,1
5f87f787fc13ae378e0005fd,fgiovannardian@state.gov,1
5f87f787fc13ae378e0005fe,mlymbourneao@ucsd.edu,0
5f87f787fc13ae378e0005ff,cbillanieap@tiny.cc,1
5f87f787fc13ae378e000600,jtidcombeaq@discuz.net,2
5f87f787fc13ae378e000601,lbaudetar@plala.or.jp,1
5f87f787fc13ae378e000602,lbarringeras@biblegateway.com,2
5f87f787fc13ae378e000603,amichieliat@freewebs.com,2
5f87f787fc13ae378e000604,hletteresseau@noaa.gov,0
5f87f787fc13ae378e000605,gmerrettav@webmd.com,0
5f87f787fc13ae378e000606,htilioaw@newsvine.com,1
5f87f787fc13ae378e000607,alesterax@yellowbook.com,1
5f87f787fc13ae378e000608,dhenworthay@sitemeter.com,1
5f87f787fc13ae378e000609,pmcgeouchaz@1688.com,0
5f87f787fc13ae378e00060a,cmoretb0@shinystat.com,1
5f87f787fc13ae378e00060b,rdunnionb1@washingtonpost.com,0
5f87f787fc13ae378e00060c,lhaibelb2@flavors.me,2
5f87f787fc13ae378e00060d,dcushworthb3@toplist.cz,1
5f87f787fc13ae378e00060e,swinslettb4@epa.gov,2
5f87f787fc13ae378e00060f,fdowmanb5@domainmarket.com,1
5f87f787fc13ae378e000610,fsmoughtonb6@samsung.com,0
5f87f787fc13ae378e000611,mfessionsb7@wufoo.com,0
5f87f787fc13ae378e000612,dhoustonb8@mac.com,2
5f87f787fc13ae378e000613,wsugarb9@businessweek.com,0
5f87f787fc13ae378e000614,bprysba@apple.com,1
5f87f787fc13ae378e000615,ctheobaldbb@cbc.ca,0
5f87f787fc13ae378e000616,rwordsworthbc@vinaora.com,1
5f87f787fc13ae378e000617,ahallickbd@reference.com,0
5f87f787fc13ae378e000618,ggraingebe@wikispaces.com,1
5f87f787fc13ae378e000619,tstreaderbf@hugedomains.com,0
5f87f787fc13ae378e00061a,kotridgebg@stanford.edu,0
5f87f787fc13ae378e00061b,dswitsurbh@sakura.ne.jp,0
5f87f787fc13ae378e00061c,aevesbi@blog.com,2
5f87f787fc13ae378e00061d,spingstonebj@weebly.com,1
5f87f787fc13ae378e00061e,tmclarnonbk@gravatar.com,0
5f87f787fc13ae378e00061f,dstubbertbl@webeden.co.uk,1
5f87f787fc13ae378e000620,aburwinbm@instagram.com,1
5f87f787fc13ae378e000621,mjinksbn@timesonline.co.uk,1
5f87f787fc13ae378e000622,mlovittbo@hostgator.com,2
5f87f787fc13ae378e000623,selgrambp@hatena.ne.jp,2
5f87f787fc13ae378e000624,ariddebq@bing.com,1
5f87f787fc13ae378e000625,cvinaubr@salon.com,0
5f87f787fc13ae378e000626,okebellbs@npr.org,1
5f87f787fc13ae378e000627,mmaccaghanbt@loc.gov,2
5f87f787fc13ae378e000628,blamdenbu@flavors.me,1
5f87f787fc13ae378e000629,donionbv@newyorker.com,0
5f87f787fc13ae378e00062a,eebenezerbw@flickr.com,1
5f87f787fc13ae378e00062b,jmouthbx@who.int,1
5f87f787fc13ae378e00062c,mraittby@hud.gov,0
5f87f787fc13ae378e00062d,abuttfieldbz@a8.net,2
5f87f787fc13ae378e00062e,ssloweyc0@marriott.com,1
5f87f787fc13ae378e00062f,pcheeversc1@devhub.com,0
5f87f787fc13ae378e000630,btethcotec2@zimbio.com,1
5f87f787fc13ae378e000631,bquailc3@netvibes.com,0
5f87f787fc13ae378e000632,fchoppingc4@nyu.edu,0
5f87f787fc13ae378e000633,tbalinec5@ebay.co.uk,1
5f87f787fc13ae378e000634,ddoonicanc6@omniture.com,2
5f87f787fc13ae378e000635,vkachellerc7@whitehouse.gov,0
5f87f787fc13ae378e000636,eugonic8@squidoo.com,1
5f87f787fc13ae378e000637,ldamettic9@canalblog.com,2
5f87f787fc13ae378e000638,ecooplandca@archive.org,1
5f87f787fc13ae378e000639,fbirkwoodcb@canalblog.com,0
5f87f787fc13ae378e00063a,swignallcc@businessinsider.com,2
5f87f787fc13ae378e00063b,ahurlercd@opensource.org,2
5f87f787fc13ae378e00063c,klardinerce@netscape.com,1
5f87f787fc13ae378e00063d,hkrzyzowskicf@123-reg.co.uk,0
5f87f787fc13ae378e00063e,ebaulcombecg@upenn.edu,2
5f87f787fc13ae378e00063f,santench@cbslocal.com,0
5f87f787fc13ae378e000640,saddymanci@bigcartel.com,2
5f87f787fc13ae378e000641,ccuninghamcj@house.gov,0
5f87f787fc13ae378e000642,tpresnellck@theguardian.com,2
5f87f787fc13ae378e000643,tgurnercl@aboutads.info,0
5f87f787fc13ae378e000644,gblackstonecm@blogtalkradio.com,2
5f87f787fc13ae378e000645,talenovcn@blogs.com,1
5f87f787fc13ae378e000646,aslimmingco@over-blog.com,0
5f87f787fc13ae378e000647,emerrifieldcp@sitemeter.com,0
5f87f787fc13ae378e000648,adebruynecq@elegantthemes.com,1
5f87f787fc13ae378e000649,mwilkescr@ezinearticles.com,2
5f87f787fc13ae378e00064a,utraynorcs@thetimes.co.uk,2
5f87f787fc13ae378e00064b,glambirdct@theatlantic.com,0
5f87f787fc13ae378e00064c,pguerrerocu@discuz.net,0
5f87f787fc13ae378e00064d,gkeasleycv@cbslocal.com,1
5f87f787fc13ae378e00064e,mkindellcw@cam.ac.uk,1
5f87f787fc13ae378e00064f,lpeevorcx@infoseek.co.jp,2
5f87f787fc13ae378e000650,ytoohercy@techcrunch.com,0
5f87f787fc13ae378e000651,lpykecz@amazon.com,0
5f87f787fc13ae378e000652,fsailld0@gravatar.com,0
5f87f787fc13ae378e000653,sbroadbered1@ifeng.com,1
5f87f787fc13ae378e000654,amarlingd2@timesonline.co.uk,0
5f87f787fc13ae378e000655,mstoated3@zdnet.com,1
5f87f787fc13ae378e000656,tblasettid4@samsung.com,1
5f87f787fc13ae378e000657,gwanekd5@dion.ne.jp,0
5f87f787fc13ae378e000658,cgordged6@amazon.co.jp,1
5f87f787fc13ae378e000659,omchaled7@spotify.com,0
5f87f787fc13ae378e00065a,dedmundd8@wired.com,0
5f87f787fc13ae378e00065b,aleblondd9@youtu.be,0
5f87f787fc13ae378e00065c,rtolossida@123-reg.co.uk,1
5f87f787fc13ae378e00065d,wbellwarddb@cbslocal.com,2
5f87f787fc13ae378e00065e,ehazelbydc@prweb.com,1
5f87f787fc13ae378e00065f,hgawthorpdd@weibo.com,0
5f87f787fc13ae378e000660,agantleyde@cyberchimps.com,2
5f87f787fc13ae378e000661,aantonopoulosdf@wordpress.com,2
5f87f787fc13ae378e000662,mtollerdg@moonfruit.com,0
5f87f787fc13ae378e000663,emccarrolldh@toplist.cz,0
5f87f787fc13ae378e000664,cgookedi@gravatar.com,0
5f87f787fc13ae378e000665,fpaynterdj@adobe.com,2
5f87f787fc13ae378e000666,bgoslanddk@youku.com,2
5f87f787fc13ae378e000667,crishbrookdl@smh.com.au,1
5f87f787fc13ae378e000668,pblissittdm@aboutads.info,0
5f87f787fc13ae378e000669,asoltandn@patch.com,1
5f87f787fc13ae378e00066a,cmariado@php.net,0
5f87f787fc13ae378e00066b,dpomroydp@ifeng.com,2
5f87f787fc13ae378e00066c,wcoulterdq@howstuffworks.com,0
5f87f787fc13ae378e00066d,kroddickdr@icio.us,1
5f87f787fc13ae378e00066e,msawartds@simplemachines.org,0
5f87f787fc13ae378e00066f,ggermandt@prweb.com,2
5f87f787fc13ae378e000670,lbahiadu@goo.ne.jp,2
5f87f787fc13ae378e000671,bmacririedv@hugedomains.com,0
5f87f787fc13ae378e000672,jcheesmandw@ucoz.com,1
5f87f787fc13ae378e000673,slillywhitedx@amazonaws.com,1
5f87f787fc13ae378e000674,pwildeydy@slideshare.net,0
5f87f787fc13ae378e000675,mdreakindz@stanford.edu,0
5f87f787fc13ae378e000676,bgannicleffe0@soundcloud.com,1
5f87f787fc13ae378e000677,adrillingcourte1@hhs.gov,1
5f87f787fc13ae378e000678,dgillyatte2@sun.com,0
5f87f787fc13ae378e000679,rkettlesone3@soup.io,1
5f87f787fc13ae378e00067a,kkyndere4@list-manage.com,2
5f87f787fc13ae378e00067b,yhadleye5@dropbox.com,0
5f87f787fc13ae378e00067c,dmcgiveene6@tmall.com,0
5f87f787fc13ae378e00067d,sclarridgee7@sciencedirect.com,2
5f87f787fc13ae378e00067e,cbaldacchinoe8@icio.us,0
5f87f787fc13ae378e00067f,elimprichte9@unblog.fr,2
5f87f787fc13ae378e000680,lsausmanea@about.com,2
5f87f787fc13ae378e000681,jsibbeeb@yellowpages.com,1
5f87f787fc13ae378e000682,awashingtonec@blinklist.com,0
5f87f787fc13ae378e000683,asimonssoned@skyrock.com,0
5f87f787fc13ae378e000684,hwinsperee@gnu.org,1
5f87f787fc13ae378e000685,jghelardonief@ox.ac.uk,1
5f87f787fc13ae378e000686,rriddeeg@gravatar.com,0
5f87f787fc13ae378e000687,lardeneh@pcworld.com,1
5f87f787fc13ae378e000688,equesneei@sciencedirect.com,2
5f87f787fc13ae378e000689,bslocombej@sitemeter.com,2
5f87f787fc13ae378e00068a,cleemansek@china.com.cn,1
5f87f787fc13ae378e00068b,sbankhurstel@gravatar.com,2
5f87f787fc13ae378e00068c,dportressem@seattletimes.com,2
5f87f787fc13ae378e00068d,kgoldineen@shop-pro.jp,2
5f87f787fc13ae378e00068e,mvisickeo@dropbox.com,2
5f87f787fc13ae378e00068f,pfairebrotherep@skyrock.com,1
5f87f787fc13ae378e000690,edemeeq@wikimedia.org,1
5f87f787fc13ae378e000691,oskeyer@jugem.jp,1
5f87f787fc13ae378e000692,cfateleyes@nytimes.com,2
5f87f787fc13ae378e000693,roneillet@barnesandnoble.com,1
5f87f787fc13ae378e000694,clasteu@reference.com,2
5f87f787fc13ae378e000695,gdrioliev@paginegialle.it,2
5f87f787fc13ae378e000696,apeaceew@google.nl,2
5f87f787fc13ae378e000697,csouthouseex@home.pl,0
5f87f787fc13ae378e000698,cstirleyey@reverbnation.com,2
5f87f787fc13ae378e000699,akimbreyez@amazon.com,1
5f87f787fc13ae378e00069a,acapesf0@loc.gov,0
5f87f787fc13ae378e00069b,emcguggyf1@tinyurl.com,1
5f87f787fc13ae378e00069c,mmiettinenf2@who.int,1
5f87f787fc13ae378e00069d,gjarlmannf3@microsoft.com,1
5f87f787fc13ae378e00069e,hdringf4@bbb.org,0
5f87f787fc13ae378e00069f,hmapotherf5@exblog.jp,0
5f87f787fc13ae378e0006a0,fcrumpef6@sbwire.com,1
5f87f787fc13ae378e0006a1,wsparshuttf7@bloomberg.com,2
5f87f787fc13ae378e0006a2,gaitkinf8@cornell.edu,2
5f87f787fc13ae378e0006a3,gaymerf9@wisc.edu,2
5f87f787fc13ae378e0006a4,lgaytherfa@shutterfly.com,0
5f87f787fc13ae378e0006a5,aarnaldofb@statcounter.com,2
5f87f787fc13ae378e0006a6,fgrollmannfc@cloudflare.com,2
5f87f787fc13ae378e0006a7,ranthillfd@ft.com,0
5f87f787fc13ae378e0006a8,dweeklandfe@mlb.com,0
5f87f787fc13ae378e0006a9,akelseyff@istockphoto.com,2
5f87f787fc13ae378e0006aa,hhappelfg@dailymotion.com,0
5f87f787fc13ae378e0006ab,taddicottfh@mac.com,1
5f87f787fc13ae378e0006ac,ahekfi@google.it,0
5f87f787fc13ae378e0006ad,rwarwickfj@netscape.com,1
5f87f787fc13ae378e0006ae,randerschfk@tmall.com,1
5f87f787fc13ae378e0006af,aphilotfl@ustream.tv,0
5f87f787fc13ae378e0006b0,mmclaefm@instagram.com,1
5f87f787fc13ae378e0006b1,clawrencesonfn@vistaprint.com,0
5f87f787fc13ae378e0006b2,giwanczykfo@google.com.hk,0
5f87f787fc13ae378e0006b3,eollenbuttelfp@state.gov,1
5f87f787fc13ae378e0006b4,bfeelyfq@yolasite.com,1
5f87f787fc13ae378e0006b5,uhawardfr@newsvine.com,0
5f87f787fc13ae378e0006b6,tmoodycliffefs@hugedomains.com,2
5f87f787fc13ae378e0006b7,cgelderdft@utexas.edu,0
5f87f787fc13ae378e0006b8,tmccannfu@newsvine.com,2
5f87f787fc13ae378e0006b9,lginifv@pagesperso-orange.fr,1
5f87f787fc13ae378e0006ba,spolofw@etsy.com,1
5f87f787fc13ae378e0006bb,hscuffhamfx@eepurl.com,0
5f87f787fc13ae378e0006bc,wmouthfy@uol.com.br,0
5f87f787fc13ae378e0006bd,crigmondfz@cocolog-nifty.com,0
5f87f787fc13ae378e0006be,kgoudeg0@ucsd.edu,0
5f87f787fc13ae378e0006bf,mhollierg1@tripod.com,1
5f87f787fc13ae378e0006c0,dleathartg2@naver.com,0
5f87f787fc13ae378e0006c1,clowleg3@bloglovin.com,2
5f87f787fc13ae378e0006c2,kgrattageg4@goo.ne.jp,0
5f87f787fc13ae378e0006c3,otewg5@ovh.net,0
5f87f787fc13ae378e0006c4,kmoppettg6@columbia.edu,2
5f87f787fc13ae378e0006c5,emaysorg7@amazon.de,1
5f87f787fc13ae378e0006c6,alamertong8@fema.gov,1
5f87f787fc13ae378e0006c7,bbarnsdaleg9@list-manage.com,2
5f87f787fc13ae378e0006c8,rambersonga@drupal.org,2
5f87f787fc13ae378e0006c9,ltrevaskissgb@ihg.com,1
5f87f787fc13ae378e0006ca,fodochertygc@elegantthemes.com,0
5f87f787fc13ae378e0006cb,amossgd@symantec.com,0
5f87f787fc13ae378e0006cc,adeyesge@paginegialle.it,0
5f87f787fc13ae378e0006cd,ajorgegf@vkontakte.ru,2
5f87f787fc13ae378e0006ce,wlidstonegg@bandcamp.com,0
5f87f787fc13ae378e0006cf,lfarfullgh@google.com.hk,2
5f87f787fc13ae378e0006d0,hfiddiangi@usatoday.com,2
5f87f787fc13ae378e0006d1,ibindengj@google.co.uk,2
5f87f787fc13ae378e0006d2,ajozwiakgk@drupal.org,2
5f87f787fc13ae378e0006d3,rfairbournegl@unicef.org,2
5f87f787fc13ae378e0006d4,gkordtgm@cnn.com,0
5f87f787fc13ae378e0006d5,cembertongn@is.gd,1
5f87f787fc13ae378e0006d6,sbaseggiogo@home.pl,1
5f87f787fc13ae378e0006d7,cstickelsgp@trellian.com,0
5f87f787fc13ae378e0006d8,mkimburygq@house.gov,1
5f87f787fc13ae378e0006d9,hbrownswordgr@51.la,2
5f87f787fc13ae378e0006da,kcosgrovegs@diigo.com,2
5f87f787fc13ae378e0006db,hbehninckgt@tuttocitta.it,2
5f87f787fc13ae378e0006dc,ptubblegu@bandcamp.com,2
5f87f787fc13ae378e0006dd,amontacutegv@amazon.co.jp,0
5f87f787fc13ae378e0006de,vverdengw@nbcnews.com,0
5f87f787fc13ae378e0006df,cgilbardgx@dion.ne.jp,2
5f87f787fc13ae378e0006e0,slangwadegy@weebly.com,1
5f87f787fc13ae378e0006e1,showerdgz@earthlink.net,1
5f87f787fc13ae378e0006e2,acoleiroh0@prweb.com,0
5f87f787fc13ae378e0006e3,pbraidenh1@linkedin.com,1
5f87f787fc13ae378e0006e4,senstonh2@yelp.com,2
5f87f787fc13ae378e0006e5,apratleyh3@qq.com,0
5f87f787fc13ae378e0006e6,sbathoweh4@nifty.com,0
5f87f787fc13ae378e0006e7,bbiggadikeh5@thetimes.co.uk,1
5f87f787fc13ae378e0006e8,rcamplingh6@weibo.com,1
5f87f787fc13ae378e0006e9,iyeolandh7@storify.com,0
5f87f787fc13ae378e0006ea,cinnocentih8@pcworld.com,0
5f87f787fc13ae378e0006eb,msurrh9@yellowbook.com,1
5f87f787fc13ae378e0006ec,kperrinchiefha@toplist.cz,0
5f87f787fc13ae378e0006ed,gmembryhb@thetimes.co.uk,0
5f87f787fc13ae378e0006ee,lhassetthc@naver.com,2
5f87f787fc13ae378e0006ef,kbowkerhd@scientificamerican.com,2
5f87f787fc13ae378e0006f0,rdashkovichhe@dedecms.com,0
5f87f787fc13ae378e0006f1,rohlsenhf@msu.edu,0
5f87f787fc13ae378e0006f2,astickneyhg@bing.com,1
5f87f787fc13ae378e0006f3,dkindredhh@example.com,2
5f87f787fc13ae378e0006f4,abilbyhi@army.mil,2
5f87f787fc13ae378e0006f5,kdudeniehj@g.co,0
5f87f787fc13ae378e0006f6,kmccullouchhk@techcrunch.com,0
5f87f787fc13ae378e0006f7,cgomersalhl@smugmug.com,0
5f87f787fc13ae378e0006f8,ligoehm@alexa.com,2
5f87f787fc13ae378e0006f9,kwedmorehn@elpais.com,1
5f87f787fc13ae378e0006fa,bmarchmentho@sogou.com,1
5f87f787fc13ae378e0006fb,apedrolihp@123-reg.co.uk,2
5f87f787fc13ae378e0006fc,jboullerhq@simplemachines.org,2
5f87f787fc13ae378e0006fd,mchaveyhr@list-manage.com,1
5f87f787fc13ae378e0006fe,achalkerhs@cyberchimps.com,0
5f87f787fc13ae378e0006ff,wespinayht@weebly.com,2
5f87f787fc13ae378e000700,jnorvillehu@patch.com,2
5f87f787fc13ae378e000701,ueliothv@ycombinator.com,1
5f87f787fc13ae378e000702,odandiehw@yelp.com,1
5f87f787fc13ae378e000703,cmacafeehx@yolasite.com,2
5f87f787fc13ae378e000704,dfonzohy@deliciousdays.com,1
5f87f787fc13ae378e000705,fhalmkinhz@nbcnews.com,1
5f87f787fc13ae378e000706,atowi0@drupal.org,2
5f87f787fc13ae378e000707,rcowlardi1@squidoo.com,0
5f87f787fc13ae378e000708,asleightholmi2@ow.ly,2
5f87f787fc13ae378e000709,gbarnbrooki3@army.mil,1
5f87f787fc13ae378e00070a,rdunsirei4@usgs.gov,2
5f87f787fc13ae378e00070b,cspinozzii5@clickbank.net,1
5f87f787fc13ae378e00070c,msandyfirthi6@harvard.edu,0
5f87f787fc13ae378e00070d,cdymenti7@furl.net,2
5f87f787fc13ae378e00070e,kgommowei8@epa.gov,0
5f87f787fc13ae378e00070f,fbrodericki9@tinypic.com,2
5f87f787fc13ae378e000710,gstoffelsia@army.mil,1
5f87f787fc13ae378e000711,coxberryib@dailymotion.com,2
5f87f787fc13ae378e000712,rmcilwainic@creativecommons.org,2
5f87f787fc13ae378e000713,ihugnetid@uiuc.edu,0
5f87f787fc13ae378e000714,sgreatlandie@vimeo.com,0
5f87f787fc13ae378e000715,scawtherayif@disqus.com,1
5f87f787fc13ae378e000716,jguyig@fda.gov,1
5f87f787fc13ae378e000717,fheinreichih@1688.com,2
5f87f787fc13ae378e000718,lgeevesii@google.pl,1
5f87f787fc13ae378e000719,vgullifantij@ihg.com,1
5f87f787fc13ae378e00071a,vparadyceik@timesonline.co.uk,0
5f87f787fc13ae378e00071b,mbatsfordil@blogtalkradio.com,1
5f87f787fc13ae378e00071c,lprimmerim@chron.com,2
5f87f787fc13ae378e00071d,mdeeringin@naver.com,1
5f87f787fc13ae378e00071e,froyanio@etsy.com,0
5f87f787fc13ae378e00071f,ebullinip@wsj.com,0
5f87f787fc13ae378e000720,lferberiq@sciencedirect.com,1
5f87f787fc13ae378e000721,beardleyir@hatena.ne.jp,0
5f87f787fc13ae378e000722,esmyis@msn.com,2
5f87f787fc13ae378e000723,csircombit@shareasale.com,2
5f87f787fc13ae378e000724,docrottyiu@angelfire.com,1
5f87f787fc13ae378e000725,cgabitisiv@kickstarter.com,1
5f87f787fc13ae378e000726,lsarlliw@whitehouse.gov,0
5f87f787fc13ae378e000727,kbikkerix@arstechnica.com,0
5f87f787fc13ae378e000728,cpaganiy@netlog.com,1
5f87f787fc13ae378e000729,lbrummelliz@opera.com,1
5f87f787fc13ae378e00072a,scrookshanksj0@ameblo.jp,0
5f87f787fc13ae378e00072b,haimj1@w3.org,1
5f87f787fc13ae378e00072c,mchambersj2@list-manage.com,2
5f87f787fc13ae378e00072d,btwittyj3@yelp.com,2
5f87f787fc13ae378e00072e,jlarmouthj4@yale.edu,0
5f87f787fc13ae378e00072f,fkopsj5@msu.edu,1
5f87f787fc13ae378e000730,bmaundrellj6@livejournal.com,2
5f87f787fc13ae378e000731,msporrijj7@alexa.com,1
5f87f787fc13ae378e000732,sgreatreaxj8@businesswire.com,1
5f87f787fc13ae378e000733,cbeazleyj9@illinois.edu,0
5f87f787fc13ae378e000734,adeehanja@washington.edu,0
5f87f787fc13ae378e000735,hbrevittjb@ihg.com,1
5f87f787fc13ae378e000736,ckatzmannjc@earthlink.net,1
5f87f787fc13ae378e000737,ttunnojd@netlog.com,2
5f87f787fc13ae378e000738,jvarnalsje@apple.com,2
5f87f787fc13ae378e000739,dwoolastonjf@statcounter.com,2
5f87f787fc13ae378e00073a,rcorsanjg@ow.ly,0
5f87f787fc13ae378e00073b,dbraimjh@psu.edu,1
5f87f787fc13ae378e00073c,mpluckji@icq.com,2
5f87f787fc13ae378e00073d,ksoreaujj@amazon.de,0
5f87f787fc13ae378e00073e,gjanosevicjk@microsoft.com,0
5f87f787fc13ae378e00073f,lgreensidesjl@mayoclinic.com,1
5f87f787fc13ae378e000740,mcadelljm@reverbnation.com,2
5f87f787fc13ae378e000741,gridettjn@etsy.com,1
5f87f787fc13ae378e000742,bmarstonjo@acquirethisname.com,2
5f87f787fc13ae378e000743,espinojp@geocities.jp,0
5f87f787fc13ae378e000744,jnorkuttjq@slideshare.net,0
5f87f787fc13ae378e000745,hweekejr@parallels.com,2
5f87f787fc13ae378e000746,vgrinterjs@jiathis.com,2
5f87f787fc13ae378e000747,pvansonjt@sohu.com,1
5f87f787fc13ae378e000748,nclaidenju@jimdo.com,2
5f87f787fc13ae378e000749,cparmleyjv@hubpages.com,2
5f87f787fc13ae378e00074a,ikochsjw@engadget.com,0
5f87f787fc13ae378e00074b,epeertjx@multiply.com,0
5f87f787fc13ae378e00074c,jhartzogsjy@epa.gov,0
5f87f787fc13ae378e00074d,mgowdridgejz@parallels.com,2
5f87f787fc13ae378e00074e,pgoldenofirelandk0@usgs.gov,2
5f87f787fc13ae378e00074f,kblampeyk1@w3.org,2
5f87f787fc13ae378e000750,dmarchellok2@aboutads.info,1
5f87f787fc13ae378e000751,lwhetlandk3@bigcartel.com,2
5f87f787fc13ae378e000752,ekhalidk4@hubpages.com,2
5f87f787fc13ae378e000753,eisakowiczk5@mashable.com,0
5f87f787fc13ae378e000754,lsivilk6@jugem.jp,2
5f87f787fc13ae378e000755,acattonk7@washington.edu,0
5f87f787fc13ae378e000756,eeldink8@163.com,1
5f87f788fc13ae378e000757,lrobakk9@huffingtonpost.com,1
5f87f788fc13ae378e000758,hargenteka@dion.ne.jp,1
5f87f788fc13ae378e000759,gpapacciokb@surveymonkey.com,0
5f87f788fc13ae378e00075a,khercockkc@discovery.com,1
5f87f788fc13ae378e00075b,cengallkd@livejournal.com,2
5f87f788fc13ae378e00075c,apringleke@topsy.com,1
5f87f788fc13ae378e00075d,vkenrydkf@blogtalkradio.com,0
5f87f788fc13ae378e00075e,amcdyerkg@scientificamerican.com,1
5f87f788fc13ae378e00075f,mmurriganskh@friendfeed.com,1
5f87f788fc13ae378e000760,ftorranski@businessweek.com,1
5f87f788fc13ae378e000761,gguyskj@mac.com,0
5f87f788fc13ae378e000762,mkunnekekk@vk.com,1
5f87f788fc13ae378e000763,fricholdkl@purevolume.com,1
5f87f788fc13ae378e000764,rkemmerkm@fema.gov,2
5f87f788fc13ae378e000765,ccasollakn@newyorker.com,1
5f87f788fc13ae378e000766,bheeronko@patch.com,1
5f87f788fc13ae378e000767,gconduitkp@slate.com,2
5f87f788fc13ae378e000768,ddeferrarikq@nationalgeographic.com,1
5f87f788fc13ae378e000769,ljumeaukr@gizmodo.com,2
5f87f788fc13ae378e00076a,rwillowbyks@npr.org,1
5f87f788fc13ae378e00076b,mbohlingolsenkt@hao123.com,1
5f87f788fc13ae378e00076c,aaizikovku@imdb.com,1
5f87f788fc13ae378e00076d,rmctrustriekv@tripadvisor.com,1
5f87f788fc13ae378e00076e,jlechellekw@bandcamp.com,1
5f87f788fc13ae378e00076f,hstayneskx@google.it,0
5f87f788fc13ae378e000770,dspitellky@blogspot.com,0
5f87f788fc13ae378e000771,cskermkz@google.com.br,0
5f87f788fc13ae378e000772,cbrockestl0@angelfire.com,0
5f87f788fc13ae378e000773,rmaharryl1@dailymail.co.uk,2
5f87f788fc13ae378e000774,rkorbmakerl2@fema.gov,2
5f87f788fc13ae378e000775,lellitl3@devhub.com,1
5f87f788fc13ae378e000776,cspandleyl4@taobao.com,1
5f87f788fc13ae378e000777,cdevol5@nature.com,2
5f87f788fc13ae378e000778,bcamplinl6@auda.org.au,1
5f87f788fc13ae378e000779,hrattryl7@spotify.com,0
5f87f788fc13ae378e00077a,sjardeinl8@i2i.jp,1
5f87f788fc13ae378e00077b,swimletl9@pbs.org,0
5f87f788fc13ae378e00077c,jpriddeyla@free.fr,1
5f87f788fc13ae378e00077d,carnalllb@phoca.cz,0
5f87f788fc13ae378e00077e,odickenslc@paginegialle.it,1
5f87f788fc13ae378e00077f,wdowthwaiteld@wufoo.com,0
5f87f788fc13ae378e000780,kedwardsle@imageshack.us,1
5f87f788fc13ae378e000781,gcoolicanlf@tinyurl.com,1
5f87f788fc13ae378e000782,rgallihawklg@jugem.jp,1
5f87f788fc13ae378e000783,mbaltzarlh@utexas.edu,1
5f87f788fc13ae378e000784,cwrathallli@flickr.com,0
5f87f788fc13ae378e000785,rblackbournlj@diigo.com,2
5f87f788fc13ae378e000786,mwaudlk@aboutads.info,2
5f87f788fc13ae378e000787,hcolqueranll@nifty.com,0
5f87f788fc13ae378e000788,hmcawlm@samsung.com,2
5f87f788fc13ae378e000789,mmatoninln@usda.gov,0
5f87f788fc13ae378e00078a,nmcgillivraylo@biglobe.ne.jp,2
5f87f788fc13ae378e00078b,mtaffielp@hostgator.com,1
5f87f788fc13ae378e00078c,amaleclq@qq.com,0
5f87f788fc13ae378e00078d,ebugdelllr@moonfruit.com,0
5f87f788fc13ae378e00078e,mcheshirls@google.co.uk,0
5f87f788fc13ae378e00078f,kpovahlt@biglobe.ne.jp,0
5f87f788fc13ae378e000790,ajegerlu@hugedomains.com,2
5f87f788fc13ae378e000791,gklinklv@seattletimes.com,0
5f87f788fc13ae378e000792,cackermannlw@unblog.fr,2
5f87f788fc13ae378e000793,nodegaardlx@narod.ru,1
5f87f788fc13ae378e000794,msodoly@vkontakte.ru,2
5f87f788fc13ae378e000795,hspaingowerlz@livejournal.com,1
5f87f788fc13ae378e000796,lwollastonm0@nps.gov,1
5f87f788fc13ae378e000797,jfeldhornm1@marriott.com,2
5f87f788fc13ae378e000798,emckeem2@microsoft.com,0
5f87f788fc13ae378e000799,sbemwellm3@hugedomains.com,1
5f87f788fc13ae378e00079a,kcordallm4@163.com,0
5f87f788fc13ae378e00079b,wlethlaym5@spiegel.de,1
5f87f788fc13ae378e00079c,rfullunm6@histats.com,1
5f87f788fc13ae378e00079d,tmilsonm7@homestead.com,1
5f87f788fc13ae378e00079e,lfashamm8@fc2.com,2
5f87f788fc13ae378e00079f,rpettengellm9@macromedia.com,2
5f87f788fc13ae378e0007a0,mbirchma@creativecommons.org,2
5f87f788fc13ae378e0007a1,kligoemb@craigslist.org,1
5f87f788fc13ae378e0007a2,mmordauntmc@networksolutions.com,2
5f87f788fc13ae378e0007a3,agentlemd@opensource.org,2
5f87f788fc13ae378e0007a4,tguyonneaume@acquirethisname.com,0
5f87f788fc13ae378e0007a5,mconremf@cargocollective.com,0
5f87f788fc13ae378e0007a6,ebedissmg@nature.com,1
5f87f788fc13ae378e0007a7,pmuzzimh@blogtalkradio.com,1
5f87f788fc13ae378e0007a8,mferrarinmi@drupal.org,1
5f87f788fc13ae378e0007a9,cburberyemj@cornell.edu,1
5f87f788fc13ae378e0007aa,cmorrottmk@livejournal.com,1
5f87f788fc13ae378e0007ab,jbennallckml@liveinternet.ru,2
5f87f788fc13ae378e0007ac,smylchreestmm@t-online.de,0
5f87f788fc13ae378e0007ad,crosenbuschmn@princeton.edu,0
5f87f788fc13ae378e0007ae,lfarquarmo@goo.gl,1
5f87f788fc13ae378e0007af,cmcmeekanmp@time.com,0
5f87f788fc13ae378e0007b0,acragheadmq@ca.gov,0
5f87f788fc13ae378e0007b1,ldevilliermr@scribd.com,2
5f87f788fc13ae378e0007b2,fdronsfieldms@google.com.br,2
5f87f788fc13ae378e0007b3,hhandasidemt@mapy.cz,0
5f87f788fc13ae378e0007b4,mdabrowskimu@naver.com,2
5f87f788fc13ae378e0007b5,equinnetmv@google.ca,0
5f87f788fc13ae378e0007b6,bveryardmw@pen.io,1
5f87f788fc13ae378e0007b7,cbenfieldmx@globo.com,1
5f87f788fc13ae378e0007b8,vhartridgemy@economist.com,0
5f87f788fc13ae378e0007b9,rpiaggiamz@ycombinator.com,2
5f87f788fc13ae378e0007ba,bepdelln0@engadget.com,0
5f87f788fc13ae378e0007bb,gflintn1@shinystat.com,1
5f87f788fc13ae378e0007bc,uelsbyn2@hibu.com,0
5f87f788fc13ae378e0007bd,wtschiersen3@addtoany.com,2
5f87f788fc13ae378e0007be,dfalcon4@constantcontact.com,2
5f87f788fc13ae378e0007bf,abuttsn5@shop-pro.jp,2
5f87f788fc13ae378e0007c0,cgrummittn6@webs.com,1
5f87f788fc13ae378e0007c1,dmeadmoren7@alibaba.com,2
5f87f788fc13ae378e0007c2,kgarrodn8@live.com,1
5f87f788fc13ae378e0007c3,fcleveleyn9@miitbeian.gov.cn,2
5f87f788fc13ae378e0007c4,cbaumlerna@opensource.org,2
5f87f788fc13ae378e0007c5,gdaymontnb@bing.com,1
5f87f788fc13ae378e0007c6,rgaynesnc@who.int,1
5f87f788fc13ae378e0007c7,ncassonnd@moonfruit.com,2
5f87f788fc13ae378e0007c8,wlarnene@ycombinator.com,0
5f87f788fc13ae378e0007c9,rrawcliffnf@unblog.fr,0
5f87f788fc13ae378e0007ca,crickmanng@ustream.tv,2
5f87f788fc13ae378e0007cb,mdruettnh@blogger.com,0
5f87f788fc13ae378e0007cc,nduckni@salon.com,2
5f87f788fc13ae378e0007cd,cabrashkovnj@people.com.cn,1
5f87f788fc13ae378e0007ce,estranknk@paypal.com,2
5f87f788fc13ae378e0007cf,gslorancenl@networksolutions.com,1
5f87f788fc13ae378e0007d0,elegassicknm@merriam-webster.com,2
5f87f788fc13ae378e0007d1,nsummersonnn@newyorker.com,2
5f87f788fc13ae378e0007d2,abortolazzino@flickr.com,0
5f87f788fc13ae378e0007d3,ncaldwellnp@skype.com,1
5f87f788fc13ae378e0007d4,lbadwicknq@instagram.com,1
5f87f788fc13ae378e0007d5,cmcdowallnr@phoca.cz,0
5f87f788fc13ae378e0007d6,ljonuzins@archive.org,1
5f87f788fc13ae378e0007d7,blengthornnt@4shared.com,0
5f87f788fc13ae378e0007d8,eansteysnu@hatena.ne.jp,1
5f87f788fc13ae378e0007d9,wmcalroynv@google.fr,0
5f87f788fc13ae378e0007da,tdarenw@accuweather.com,2
5f87f788fc13ae378e0007db,tbelvinnx@buzzfeed.com,1
5f87f788fc13ae378e0007dc,ahysomny@wikia.com,0
5f87f788fc13ae378e0007dd,ccoathupnz@toplist.cz,1
5f87f788fc13ae378e0007de,erooko0@smh.com.au,2
5f87f788fc13ae378e0007df,beastbyo1@360.cn,1
5f87f788fc13ae378e0007e0,skleinsingero2@deliciousdays.com,0
5f87f788fc13ae378e0007e1,vklinko3@statcounter.com,1
5f87f788fc13ae378e0007e2,hdutnello4@google.com,1
5f87f788fc13ae378e0007e3,araysdaleo5@deviantart.com,2
5f87f788fc13ae378e0007e4,plorenzinio6@netscape.com,2
5f87f788fc13ae378e0007e5,stillertono7@bbb.org,2
5f87f788fc13ae378e0007e6,cblinermano8@time.com,2
5f87f788fc13ae378e0007e7,cblankhorno9@com.com,1
5f87f788fc13ae378e0007e8,abolmannoa@cpanel.net,2
5f87f788fc13ae378e0007e9,ataylorob@hatena.ne.jp,2
5f87f788fc13ae378e0007ea,zwaceoc@mlb.com,0
5f87f788fc13ae378e0007eb,zaslenod@abc.net.au,1
5f87f788fc13ae378e0007ec,rcostanzaoe@google.com,2
5f87f788fc13ae378e0007ed,mfermingerof@t.co,2
5f87f788fc13ae378e0007ee,mlowrieog@icq.com,0
5f87f788fc13ae378e0007ef,ghailoh@hugedomains.com,2
5f87f788fc13ae378e0007f0,vbutenoi@telegraph.co.uk,1
5f87f788fc13ae378e0007f1,kaylenoj@pinterest.com,1
5f87f788fc13ae378e0007f2,mmateok@xrea.com,1
5f87f788fc13ae378e0007f3,otopazol@photobucket.com,1
5f87f788fc13ae378e0007f4,ggilderoyom@livejournal.com,1
5f87f788fc13ae378e0007f5,nburtton@narod.ru,2
5f87f788fc13ae378e0007f6,hcrowdoo@cpanel.net,0
5f87f788fc13ae378e0007f7,ajustunop@tiny.cc,1
5f87f788fc13ae378e0007f8,lholtawayoq@exblog.jp,1
5f87f788fc13ae378e0007f9,mcorradeschior@reddit.com,2
5f87f788fc13ae378e0007fa,gcammoileos@mlb.com,1
5f87f788fc13ae378e0007fb,rbeldersonot@microsoft.com,1
5f87f788fc13ae378e0007fc,ojerdeinou@yolasite.com,1
5f87f788fc13ae378e0007fd,pguessov@google.ru,2
5f87f788fc13ae378e0007fe,nbriscowow@ow.ly,0
5f87f788fc13ae378e0007ff,mgomerox@meetup.com,2
5f87f788fc13ae378e000800,msadryoy@dagondesign.com,2
5f87f788fc13ae378e000801,vastleyoz@oakley.com,0
5f87f788fc13ae378e000802,rmonteauxp0@stanford.edu,2
5f87f788fc13ae378e000803,ejohannesp1@ameblo.jp,1
5f87f788fc13ae378e000804,prennicksp2@nasa.gov,2
5f87f788fc13ae378e000805,shalsallp3@topsy.com,2
5f87f788fc13ae378e000806,ridwalevansp4@pinterest.com,2
5f87f788fc13ae378e000807,mtottemp5@t.co,0
5f87f788fc13ae378e000808,ajonathonp6@github.io,0
5f87f788fc13ae378e000809,jdictp7@unesco.org,1
5f87f788fc13ae378e00080a,rpaternop8@ucla.edu,1
5f87f788fc13ae378e00080b,llatterp9@eventbrite.com,0
5f87f788fc13ae378e00080c,cminchipa@nba.com,0
5f87f788fc13ae378e00080d,kjennepb@csmonitor.com,0
5f87f788fc13ae378e00080e,madiscotpc@xinhuanet.com,2
5f87f788fc13ae378e00080f,hfidockpd@cnn.com,1
5f87f788fc13ae378e000810,jbollandpe@hatena.ne.jp,2
5f87f788fc13ae378e000811,jgroombridgepf@amazonaws.com,0
5f87f788fc13ae378e000812,dkorneichukpg@yandex.ru,0
5f87f788fc13ae378e000813,oapperleyph@microsoft.com,2
5f87f788fc13ae378e000814,dleaveypi@pagesperso-orange.fr,0
5f87f788fc13ae378e000815,driefpj@addtoany.com,0
5f87f788fc13ae378e000816,djosephovpk@tinyurl.com,2
5f87f788fc13ae378e000817,arosseypl@ihg.com,1
5f87f788fc13ae378e000818,lmalespm@latimes.com,2
5f87f788fc13ae378e000819,schaddertonpn@businessweek.com,0
5f87f788fc13ae378e00081a,bfellinipo@whitehouse.gov,2
5f87f788fc13ae378e00081b,dcalterapp@nasa.gov,1
5f87f788fc13ae378e00081c,bgabbattpq@youtu.be,2
5f87f788fc13ae378e00081d,teleypr@webeden.co.uk,2
5f87f788fc13ae378e00081e,tyeamanps@123-reg.co.uk,2
5f87f788fc13ae378e00081f,cedworthyept@livejournal.com,1
5f87f788fc13ae378e000820,sfetherstonepu@tamu.edu,1
5f87f788fc13ae378e000821,bwatterspv@berkeley.edu,1
5f87f788fc13ae378e000822,srennoxpw@amazonaws.com,2
5f87f788fc13ae378e000823,ograssettpx@sohu.com,1
5f87f788fc13ae378e000824,jcapronpy@eepurl.com,1
5f87f788fc13ae378e000825,ftowlsonpz@etsy.com,2
5f87f788fc13ae378e000826,umcalindonq0@wired.com,2
5f87f788fc13ae378e000827,lallawyq1@pbs.org,0
5f87f788fc13ae378e000828,rwharmbyq2@wsj.com,2
5f87f788fc13ae378e000829,gbrundleq3@google.pl,0
5f87f788fc13ae378e00082a,faustingq4@quantcast.com,2
5f87f788fc13ae378e00082b,ebuxceyq5@webmd.com,2
5f87f788fc13ae378e00082c,efalcoq6@shinystat.com,2
5f87f788fc13ae378e00082d,ospriggingq7@wikispaces.com,0
5f87f788fc13ae378e00082e,rdahlbackq8@state.gov,1
5f87f788fc13ae378e00082f,jhadentonq9@hud.gov,1
5f87f788fc13ae378e000830,kaugusteqa@uiuc.edu,0
5f87f788fc13ae378e000831,rarchleyqb@mlb.com,0
5f87f788fc13ae378e000832,tdonatiqc@fotki.com,1
5f87f788fc13ae378e000833,aromaqd@cpanel.net,1
5f87f788fc13ae378e000834,mjelksqe@taobao.com,0
5f87f788fc13ae378e000835,fhylandqf@typepad.com,2
5f87f788fc13ae378e000836,ctowseyqg@indiatimes.com,2
5f87f788fc13ae378e000837,kgerardqh@bloomberg.com,2
5f87f788fc13ae378e000838,rleclaireqi@gov.uk,0
5f87f788fc13ae378e000839,gcarsqj@facebook.com,1
5f87f788fc13ae378e00083a,kyurevichqk@google.de,0
5f87f788fc13ae378e00083b,vcostenql@amazon.co.jp,0
5f87f788fc13ae378e00083c,kcalanqm@bigcartel.com,0
5f87f788fc13ae378e00083d,ssewartqn@ihg.com,2
5f87f788fc13ae378e00083e,nshearsbyqo@t-online.de,0
5f87f788fc13ae378e00083f,mduddinqp@csmonitor.com,0
5f87f788fc13ae378e000840,wvamplewqq@cbsnews.com,2
5f87f788fc13ae378e000841,mcrannellqr@pen.io,2
5f87f788fc13ae378e000842,bkitchinhamqs@uiuc.edu,0
5f87f788fc13ae378e000843,mhartusqt@ask.com,2
5f87f788fc13ae378e000844,trimequ@gnu.org,1
5f87f788fc13ae378e000845,edosdillqv@sogou.com,1
5f87f788fc13ae378e000846,jwilberqw@npr.org,0
5f87f788fc13ae378e000847,jsimionatoqx@time.com,0
5f87f788fc13ae378e000848,jclipstonqy@macromedia.com,2
5f87f788fc13ae378e000849,wswainqz@cyberchimps.com,1
5f87f788fc13ae378e00084a,delderfieldr0@behance.net,1
5f87f788fc13ae378e00084b,alimpennyr1@xinhuanet.com,0
5f87f788fc13ae378e00084c,pgoszr2@behance.net,0
5f87f788fc13ae378e00084d,ujaradr3@lulu.com,0
5f87f788fc13ae378e00084e,fwycherleyr4@netscape.com,2
5f87f788fc13ae378e00084f,zciccarellor5@bluehost.com,1
5f87f788fc13ae378e000850,bbegganr6@list-manage.com,1
5f87f788fc13ae378e000851,mpontenr7@tinypic.com,1
5f87f788fc13ae378e000852,hspiringr8@free.fr,2
5f87f788fc13ae378e000853,mdongallr9@latimes.com,2
5f87f788fc13ae378e000854,hhutchingesra@statcounter.com,2
5f87f788fc13ae378e000855,caddeyrb@flickr.com,2
5f87f788fc13ae378e000856,ecornfordrc@goo.gl,0
5f87f788fc13ae378e000857,mmarriottrd@nytimes.com,0
5f87f788fc13ae378e000858,ibottrillre@squidoo.com,1
5f87f788fc13ae378e000859,catchlyrf@fotki.com,1
5f87f788fc13ae378e00085a,maldousrg@cisco.com,1
5f87f788fc13ae378e00085b,rsymmonsrh@mail.ru,0
5f87f788fc13ae378e00085c,gguinnaneri@amazon.de,1
5f87f788fc13ae378e00085d,corchardrj@bizjournals.com,2
5f87f788fc13ae378e00085e,mtoplingrk@hp.com,0
5f87f788fc13ae378e00085f,mchisolmrl@umich.edu,0
5f87f788fc13ae378e000860,nwilemanrm@addtoany.com,2
5f87f788fc13ae378e000861,tbridgemanrn@opensource.org,0
5f87f788fc13ae378e000862,adiglinro@springer.com,2
5f87f788fc13ae378e000863,thaydonrp@qq.com,1
5f87f788fc13ae378e000864,bmartindalerq@friendfeed.com,2
5f87f788fc13ae378e000865,dshuttleworthrr@bandcamp.com,0
